Idsuelo,Id,Muestreo,Idhz,Profhzini,Profhzfin,Corg,pHx10,pH,Grava,Arena,Limo,Arcilla,Dsuelo,CE,CICE,Idsuelo1
VE_AM69/11,1,Calicata,A1,0,10,40,35.00,3.50,0,97,1,2,1.68,,,VE_AM69/11_1
VE_AM69/11,2,Calicata,A2,10,30,30,39.00,3.90,0,95,3,2,1.66,,,VE_AM69/11_2
VE_AM69/11,3,Calicata,C1,30,70,,40.00,4.00,0,89,7,4,1.64,,,VE_AM69/11_3
VE_AM69/11,4,Calicata,C2,70,110,,41.00,4.10,0,85,9,6,1.62,,,VE_AM69/11_4
VE_AM69/12,5,Calicata,A1,0,12,270,37.00,3.70,0,71,22,7,1.55,,0.900,VE_AM69/12_1
VE_AM69/12,6,Calicata,AB,12,24,160,42.00,4.20,0,79,11,10,1.58,,1.300,VE_AM69/12_2
VE_AM69/12,7,Calicata,Bt1,24,34,90,41.00,4.10,0,78,10,12,1.57,,1.100,VE_AM69/12_3
VE_AM69/12,8,Calicata,Bt2,34,50,40,48.00,4.80,0,69,10,21,1.51,,1.300,VE_AM69/12_4
VE_AM69/12,9,Calicata,R,50,60,,,,,,,,,,,VE_AM69/12_5
VE_AM70/11,10,Calicata,A,0,13,160,34.00,3.40,0,66,28,6,1.52,,16.500,VE_AM70/11_1
VE_AM70/11,11,Calicata,Ggn,13,33,30,40.00,4.00,0,77,20,3,1.58,,1.000,VE_AM70/11_2
VE_AM70/11,12,Calicata,Cg2,33,60,30,41.00,4.10,0,87,10,3,1.63,,0.800,VE_AM70/11_3
VE_AM70/11,13,Calicata,Cg3,60,80,20,47.00,4.70,0,88,8,4,1.64,,0.600,VE_AM70/11_4
VE_AM70/11,14,Calicata,Cg4,80,150,10,51.00,5.10,0,91,5,4,1.66,,0.600,VE_AM70/11_5
VE_AM70/12,15,Calicata,A1,0,10,160,36.00,3.60,0,66,21,13,1.52,,4.100,VE_AM70/12_1
VE_AM70/12,16,Calicata,Bwg1,10,30,70,32.00,3.20,0,65,19,16,1.51,,1.700,VE_AM70/12_2
VE_AM70/12,17,Calicata,Bwg2,30,50,30,35.00,3.50,0,69,15,16,1.53,,2.500,VE_AM70/12_3
VE_AM70/12,18,Calicata,Bwg3,50,73,10,42.00,4.20,0,68,18,14,1.52,,1.800,VE_AM70/12_4
VE_AM70/12,19,Calicata,Bwg4,73,92,10,43.00,4.30,0,71,15,14,1.53,,1.900,VE_AM70/12_5
VE_AM73/11,20,Calicata,A,0,10,140,32.00,3.20,1,28,34,38,1.37,,6.400,VE_AM73/11_1
VE_AM73/11,21,Calicata,Bo1,10,27,120,34.00,3.40,1,23,26,51,1.32,,5.500,VE_AM73/11_2
VE_AM73/11,22,Calicata,Bo2,27,47,120,37.00,3.70,1,20,31,49,1.30,,3.800,VE_AM73/11_3
VE_AM73/11,23,Calicata,Bo3,47,80,110,40.00,4.00,1,13,17,70,1.21,,3.400,VE_AM73/11_4
VE_AM76/11,24,Calicata,A1,0,20,110,34.00,3.40,1,57,9,34,1.47,,3.300,VE_AM76/11_1
VE_AM76/11,25,Calicata,Bt,20,50,50,36.00,3.60,1,38,18,44,1.37,,3.300,VE_AM76/11_2
VE_AM76/11,26,Calicata,Bt2,50,73,30,40.00,4.00,1,40,12,48,1.36,,2.200,VE_AM76/11_3
VE_AM76/11,27,Calicata,Bt3,73,82,30,42.00,4.20,1,39,12,50,1.35,,2.100,VE_AM76/11_4
VE_AM76/11,28,Calicata,Bt4,82,121,20,44.00,4.40,3,41,14,45,1.36,,2.300,VE_AM76/11_5
VE_AM76/12,29,Calicata,A,0,20,120,35.00,3.50,25,13,33,54,1.34,,12.400,VE_AM76/12_1
VE_AM76/12,30,Calicata,R,20,30,,,,,,,,,,,VE_AM76/12_2
VE_AM78/11,31,Calicata,A1,0,8,220,40.00,4.00,0,11,64,25,1.38,,4.500,VE_AM78/11_1
VE_AM78/11,32,Calicata,A2,8,19,30,39.00,3.90,0,20,63,17,1.40,,4.100,VE_AM78/11_2
VE_AM78/11,33,Calicata,AB,19,42,20,46.00,4.60,0,18,64,18,1.40,,2.600,VE_AM78/11_3
VE_AM78/11,34,Calicata,Btg1,42,75,10,46.00,4.60,0,16,58,26,1.37,,1.800,VE_AM78/11_4
VE_AM78/11,35,Calicata,Btg2,75,113,20,46.00,4.60,0,12,61,27,1.36,,4.800,VE_AM78/11_5
VE_AM78/12,36,Calicata,A,0,16,60,48.00,4.80,0,91,5,4,1.66,,2.800,VE_AM78/12_1
VE_AM78/12,37,Calicata,AC,16,33,60,50.00,5.00,0,96,3,1,1.68,,2.100,VE_AM78/12_2
VE_AM78/12,38,Calicata,C1,33,48,630,50.00,5.00,0,93,5,2,1.68,,2.100,VE_AM78/12_3
VE_AM78/12,39,Calicata,C2,48,66,30,51.00,5.10,0,93,3,4,1.68,,1.800,VE_AM78/12_4
VE_AM78/12,40,Calicata,C3,66,80,10,53.00,5.30,0,98,1,1,1.69,,2.500,VE_AM78/12_5
VE_AM79/11,41,Calicata,A,0,5,70,35.00,3.50,0,74,7,19,1.56,,3.700,VE_AM79/11_1
VE_AM79/11,42,Calicata,Bt1,5,35,30,38.00,3.80,0,69,5,26,1.54,,3.300,VE_AM79/11_2
VE_AM79/11,43,Calicata,Bt2,35,95,30,37.00,3.70,0,68,4,28,1.54,,2.900,VE_AM79/11_3
VE_AM79/11,44,Calicata,Bt3,95,120,,,,,,,,,,,VE_AM79/11_4
VE_AM79/12,45,Calicata,A,0,16,60,48.00,4.80,0,91,5,4,1.66,,2.800,VE_AM79/12_1
VE_AM79/12,46,Calicata,AC,16,33,60,49.00,4.90,0,96,2,2,1.68,,1.900,VE_AM79/12_2
VE_AM79/12,47,Calicata,C1,33,48,60,50.00,5.00,0,93,5,2,1.68,,2.100,VE_AM79/12_3
VE_AM79/12,48,Calicata,C2,48,66,30,51.00,5.10,0,93,3,4,1.68,,1.800,VE_AM79/12_4
VE_AM79/12,49,Calicata,C3,66,80,10,53.00,5.30,0,98,1,1,1.69,,2.500,VE_AM79/12_5
VE_AM81/11,50,Calicata,A1,0,7,160,46.00,4.60,60,69,21,10,1.53,,2.700,VE_AM81/11_1
VE_AM81/11,51,Calicata,Bt1,7,20,120,31.00,3.10,60,56,13,31,1.40,,1.100,VE_AM81/11_2
VE_AM81/11,52,Calicata,Bt2,20,45,80,34.00,3.40,25,36,18,46,1.30,,1.900,VE_AM81/11_3
VE_AM81/11,53,Calicata,Bt3,45,70,70,38.00,3.80,25,36,17,47,1.27,,0.500,VE_AM81/11_4
VE_AM81/11,54,Calicata,Bt4,70,90,60,44.00,4.40,60,33,27,40,1.32,,0.500,VE_AM81/11_5
VE_AM81/12,55,Calicata,A1,0,18,150,58.00,5.80,60,74,16,10,1.56,,9.000,VE_AM81/12_1
VE_AM81/12,56,Calicata,C1,18,43,30,61.00,6.10,60,73,10,17,1.53,,6.600,VE_AM81/12_2
VE_AM82/11,57,Calicata,A,0,8,320,28.00,2.80,0,45,27,28,1.45,,7.400,VE_AM82/11_1
VE_AM82/11,58,Calicata,Bt1,8,28,110,28.00,2.80,0,35,18,47,1.36,,11.300,VE_AM82/11_2
VE_AM82/11,59,Calicata,Bt2,28,72,40,37.00,3.70,0,28,16,56,1.30,,6.700,VE_AM82/11_3
VE_AM82/11,60,Calicata,Bt3,72,101,30,40.00,4.00,0,27,15,58,1.28,,4.600,VE_AM82/11_4
VE_AM82/11,61,Calicata,Bt4,101,127,20,44.00,4.40,0,31,8,61,1.26,,3.500,VE_AM82/11_5
VE_AM82/12,62,Calicata,A,0,9,350,34.00,3.40,0,40,21,39,1.37,,7.000,VE_AM82/12_1
VE_AM82/12,63,Calicata,Bo1,9,32,110,32.00,3.20,1,31,8,61,1.26,,6.000,VE_AM82/12_2
VE_AM82/12,64,Calicata,Bo2,32,57,110,36.00,3.60,10,27,11,62,1.26,,5.100,VE_AM82/12_3
VE_AM82/12,65,Calicata,Bo3,57,75,70,38.00,3.80,10,26,11,63,1.25,,3.000,VE_AM82/12_4
VE_AN55/11,66,Calicata,Ap,0,5,30,59.00,5.90,0,20,25,55,1.27,,16.400,VE_AN55/11_1
VE_AN55/11,67,Calicata,B1w,5,30,40,64.00,6.40,0,19,28,53,1.28,,17.700,VE_AN55/11_2
VE_AN55/11,68,Calicata,B2w,30,51,10,67.00,6.70,0,14,33,53,1.26,,18.500,VE_AN55/11_3
VE_AN55/11,69,Calicata,BC,51,73,10,77.00,7.70,0,25,33,42,1.33,,14.000,VE_AN55/11_4
VE_AN55/11,70,Calicata,C,73,150,10,76.00,7.60,0,60,18,22,1.50,,5.900,VE_AN55/11_5
VE_AN55/12,71,Calicata,AB,0,15,80,67.00,6.70,0,62,18,20,1.52,,6.300,VE_AN55/12_1
VE_AN55/12,72,Calicata,Bt1,15,32,40,56.00,5.60,0,58,13,29,1.48,,7.600,VE_AN55/12_2
VE_AN55/12,73,Calicata,Bt2,32,63,70,59.00,5.90,0,58,14,28,1.48,,7.200,VE_AN55/12_3
VE_AN55/12,74,Calicata,Bt3,63,83,80,55.00,5.50,0,61,16,23,1.50,,5.200,VE_AN55/12_4
VE_AN55/12,75,Calicata,BC,83,98,10,62.00,6.20,0,63,18,19,1.53,,4.700,VE_AN55/12_5
VE_AN56/11,76,Calicata,Aw,0,7,170,50.00,5.00,0,22,28,50,1.28,,14.000,VE_AN56/11_1
VE_AN56/11,77,Calicata,Bw1,7,28,60,62.00,6.20,0,12,18,70,1.17,,16.100,VE_AN56/11_2
VE_AN56/11,78,Calicata,Bw2,28,58,40,62.00,6.20,0,17,15,68,1.22,,16.100,VE_AN56/11_3
VE_AN56/11,79,Calicata,Bw3,58,85,20,64.00,6.40,0,17,18,65,1.24,,17.500,VE_AN56/11_4
VE_AN56/11,80,Calicata,Bw4,85,103,20,68.00,6.80,0,18,18,64,1.24,,14.200,VE_AN56/11_5
VE_AN56/12,81,Calicata,AB,0,15,80,67.00,6.70,0,62,18,20,1.52,,6.300,VE_AN56/12_1
VE_AN56/12,82,Calicata,Bt1,15,32,40,56.00,5.60,0,58,14,28,1.49,,7.600,VE_AN56/12_2
VE_AN56/12,83,Calicata,Bt2,32,63,,,,,,,,,,,VE_AN56/12_3
VE_AN56/12,84,Calicata,Bt3,63,83,80,55.00,5.50,0,61,16,23,1.50,,5.200,VE_AN56/12_4
VE_AN56/12,85,Calicata,BC,83,98,10,62.00,6.20,0,64,18,18,1.53,,4.700,VE_AN56/12_5
VE_AN57/11,86,Calicata,Aw,0,7,160,50.00,5.00,0,23,28,49,1.28,,14.000,VE_AN57/11_1
VE_AN57/11,87,Calicata,Bw1,7,28,60,62.00,6.20,0,12,18,70,1.17,,16.100,VE_AN57/11_2
VE_AN57/11,88,Calicata,Bw2,28,58,40,62.00,6.20,0,18,15,67,1.22,,16.100,VE_AN57/11_3
VE_AN57/11,89,Calicata,Bw2,58,85,20,64.00,6.40,0,18,18,64,1.24,,17.500,VE_AN57/11_4
VE_AN57/11,90,Calicata,Bw4,85,103,20,68.00,6.80,0,18,18,64,1.24,,14.200,VE_AN57/11_5
VE_AN57/12,91,Calicata,Ah,0,24,270,69.00,6.90,0,30,35,35,1.38,,25.200,VE_AN57/12_1
VE_AN57/12,92,Calicata,AB,24,49,150,73.00,7.30,0,23,32,45,1.30,,32.600,VE_AN57/12_2
VE_AN57/12,93,Calicata,BC,49,82,90,74.00,7.40,0,20,29,51,1.28,,30.900,VE_AN57/12_3
VE_AN57/12,94,Calicata,C,82,100,50,72.00,7.20,0,23,28,49,1.29,,28.400,VE_AN57/12_4
VE_AN58/11,95,Calicata,Aw,0,7,170,50.00,5.00,0,22,28,50,1.28,,14.000,VE_AN58/11_1
VE_AN58/11,96,Calicata,Bw1,7,28,70,62.00,6.20,0,12,18,70,1.17,,16.100,VE_AN58/11_2
VE_AN58/11,97,Calicata,Bw2,28,58,40,62.00,6.20,0,17,15,68,1.22,,16.100,VE_AN58/11_3
VE_AN58/11,98,Calicata,Bw3,58,85,30,64.00,6.40,0,17,18,65,1.24,,17.500,VE_AN58/11_4
VE_AN58/11,99,Calicata,Bw4,85,103,30,68.00,6.80,0,17,18,65,1.24,,14.200,VE_AN58/11_5
VE_AN58/12,100,Calicata,Ap,0,5,30,59.00,5.90,0,20,25,55,1.27,,16.400,VE_AN58/12_1
VE_AN58/12,101,Calicata,Bw1,5,30,40,64.00,6.40,0,19,28,53,1.29,,17.700,VE_AN58/12_2
VE_AN58/12,102,Calicata,Bw2,30,51,10,67.00,6.70,0,14,33,53,1.26,,18.500,VE_AN58/12_3
VE_AN58/12,103,Calicata,BC,51,73,10,77.00,7.70,0,25,33,42,1.32,,14.000,VE_AN58/12_4
VE_AN58/12,104,Calicata,C,73,150,20,76.00,7.60,0,60,18,22,1.51,,5.900,VE_AN58/12_5
VE_AN65/11,105,Calicata,A1,0,20,30,50.00,5.00,0,73,12,15,1.70,,4.000,VE_AN65/11_1
VE_AN65/11,106,Calicata,A2,20,50,10,50.00,5.00,0,75,12,13,1.70,,4.200,VE_AN65/11_2
VE_AN65/11,107,Calicata,A3,50,70,10,52.00,5.20,0,74,12,15,1.70,,3.400,VE_AN65/11_3
VE_AN65/11,108,Calicata,B1,70,110,10,53.00,5.30,0,72,13,15,1.70,,1.800,VE_AN65/11_4
VE_AN65/11,109,Calicata,B2,110,155,10,53.00,5.30,0,73,12,15,1.70,,1.400,VE_AN65/11_5
VE_AN65/12,110,Calicata,A,0,20,20,49.00,4.90,0,95,2,3,1.70,,0.700,VE_AN65/12_1
VE_AN65/12,111,Calicata,C1,20,65,10,50.00,5.00,0,91,6,3,1.70,,0.600,VE_AN65/12_2
VE_AN65/12,112,Calicata,C2,65,100,10,50.00,5.00,0,92,5,3,1.70,,0.800,VE_AN65/12_3
VE_AN65/12,113,Calicata,C3,100,120,10,54.00,5.40,0,93,4,3,1.70,,0.600,VE_AN65/12_4
VE_AN65/12,114,Calicata,C4,120,160,,56.00,5.60,0,93,4,3,1.70,,0.600,VE_AN65/12_5
VE_AR39/11,115,Calicata,A,0,18,330,38.00,3.80,0,42,37,21,1.40,,10.500,VE_AR39/11_1
VE_AR39/11,116,Calicata,Bw,18,55,90,48.00,4.80,0,34,35,31,1.40,,7.000,VE_AR39/11_2
VE_AR39/11,117,Calicata,Bw,55,110,60,49.00,4.90,0,34,31,35,1.30,,8.000,VE_AR39/11_3
VE_AR39/11,118,Calicata,C,110,150,20,50.00,5.00,0,39,55,6,1.20,,3.500,VE_AR39/11_4
VE_AR39/12,119,Calicata,A,0,25,330,55.00,5.50,1,43,40,17,1.40,,14.500,VE_AR39/12_1
VE_AR39/12,120,Calicata,E,25,53,110,45.00,4.50,1,38,29,33,1.47,,11.500,VE_AR39/12_2
VE_AR39/12,121,Calicata,Bt,53,110,40,48.00,4.80,1,38,27,35,1.38,,6.500,VE_AR39/12_3
VE_AR39/12,122,Calicata,C,110,200,60,50.00,5.00,25,40,31,29,1.39,,5.000,VE_AR39/12_4
VE_BO71/11,123,Calicata,A,0,8,40,36.00,3.60,0,32,43,25,1.41,,13.400,VE_BO71/11_1
VE_BO71/11,124,Calicata,Bt,8,38,70,42.00,4.20,0,36,29,35,1.39,,4.900,VE_BO71/11_2
VE_BO71/11,125,Calicata,Bt2,38,85,30,43.00,4.30,0,42,27,31,1.43,,3.600,VE_BO71/11_3
VE_BO71/11,126,Calicata,Bt3,85,110,20,44.00,4.40,0,21,44,35,1.41,,3.300,VE_BO71/11_4
VE_BO71/12,127,Calicata,A,0,13,220,36.00,3.60,1,77,8,15,1.60,,3.800,VE_BO71/12_1
VE_BO71/12,128,Calicata,Bt1,13,39,170,32.00,3.20,1,66,6,28,1.55,,3.500,VE_BO71/12_2
VE_BO71/12,129,Calicata,Bt2,39,92,120,40.00,4.00,1,58,6,36,1.46,,0.800,VE_BO71/12_3
VE_BO72/11,130,Calicata,A,0,4,80,50.00,5.00,1,90,4,6,1.65,,4.600,VE_BO72/11_1
VE_BO72/11,131,Calicata,C1,4,33,40,51.00,5.10,1,90,2,8,1.65,,2.400,VE_BO72/11_2
VE_BO72/11,132,Calicata,C2,33,50,40,48.00,4.80,1,89,5,6,1.65,,2.200,VE_BO72/11_3
VE_BO72/11,133,Calicata,C3,50,108,10,54.00,5.40,1,94,0,6,1.67,,0.700,VE_BO72/11_4
VE_BO72/11,134,Calicata,C4,108,135,40,53.00,5.30,1,94,3,3,1.66,,1.100,VE_BO72/11_5
VE_BO72/12,135,Calicata,A1,0,17,230,,,0,66,13,21,1.54,,11.900,VE_BO72/12_1
VE_BO72/12,136,Calicata,A2,17,45,190,,,0,60,26,14,1.53,,10.500,VE_BO72/12_2
VE_BO72/12,137,Calicata,C,45,60,70,,,0,72,21,7,1.60,,10.000,VE_BO72/12_3
VE_BO74/11,138,Calicata,Ah1,0,15,90,44.00,4.40,0,82,4,14,1.58,,3.100,VE_BO74/11_1
VE_BO74/11,139,Calicata,Ah2,15,27,70,43.00,4.30,0,78,8,14,1.56,,2.900,VE_BO74/11_2
VE_BO74/11,140,Calicata,Bt,27,48,50,44.00,4.40,0,57,14,29,1.41,,2.200,VE_BO74/11_3
VE_BO74/11,141,Calicata,Bt2,48,80,40,46.00,4.60,0,54,12,34,1.38,,2.100,VE_BO74/11_4
VE_BO74/11,142,Calicata,Bt3,80,116,40,51.00,5.10,0,51,12,37,1.35,,1.900,VE_BO74/11_5
VE_BO74/12,143,Calicata,Ah1,0,13,50,43.00,4.30,0,98,1,1,1.70,,0.900,VE_BO74/12_1
VE_BO74/12,144,Calicata,Ah2,13,28,30,41.00,4.10,0,98,1,1,1.70,,0.800,VE_BO74/12_2
VE_BO74/12,145,Calicata,C1,28,41,30,44.00,4.40,0,96,2,2,1.68,,0.800,VE_BO74/12_3
VE_BO74/12,146,Calicata,C2,41,60,20,46.00,4.60,0,95,3,2,1.68,,0.900,VE_BO74/12_4
VE_BO74/12,147,Calicata,C3,60,85,10,44.00,4.40,0,92,3,5,1.65,,0.900,VE_BO74/12_5
VE_BO75/11,148,Calicata,A,0,20,120,35.00,3.50,25,13,33,54,1.34,,2.400,VE_BO75/11_1
VE_BO75/12,149,Calicata,A1,0,12,120,48.00,4.80,0,73,15,12,1.56,,4.600,VE_BO75/12_1
VE_BO75/12,150,Calicata,A2,12,30,50,41.00,4.10,3,69,14,17,1.56,,2.600,VE_BO75/12_2
VE_BO75/12,151,Calicata,Bt,30,48,40,43.00,4.30,25,68,10,22,1.54,,2.300,VE_BO75/12_3
VE_BO75/12,152,Calicata,C,48,65,30,46.00,4.60,3,84,10,6,1.63,,2.100,VE_BO75/12_4
VE_BO77/11,153,Calicata,Ah1,0,18,110,34.00,3.40,25,33,35,32,1.41,,2.400,VE_BO77/11_1
VE_BO77/11,154,Calicata,Bt1,18,36,110,42.00,4.20,25,27,26,47,1.32,,0.800,VE_BO77/11_2
VE_BO77/11,155,Calicata,Bt2,36,64,90,45.00,4.50,60,32,26,42,1.35,,0.400,VE_BO77/11_3
VE_BO77/12,156,Calicata,A,0,20,110,34.00,3.40,1,57,9,34,1.47,,3.300,VE_BO77/12_1
VE_BO77/12,157,Calicata,Bt,20,50,60,36.00,3.60,1,38,18,44,1.37,,3.300,VE_BO77/12_2
VE_BO77/12,158,Calicata,Bt2,50,73,30,40.00,4.00,1,40,12,48,1.36,,2.200,VE_BO77/12_3
VE_BO77/12,159,Calicata,Bt3,73,82,30,42.00,4.20,1,39,12,50,1.35,,2.100,VE_BO77/12_4
VE_BO77/12,160,Calicata,Bt4,82,121,20,44.00,4.40,3,41,14,45,1.36,,2.300,VE_BO77/12_5
VE_BO80/11,161,Calicata,A,0,10,140,36.00,3.60,0,50,17,33,1.37,,3.700,VE_BO80/11_1
VE_BO80/11,162,Calicata,Bt1,10,30,80,48.00,4.80,0,40,17,43,1.33,,2.300,VE_BO80/11_2
VE_BO80/11,163,Calicata,Bt2,30,47,60,45.00,4.50,0,36,18,46,1.31,,2.400,VE_BO80/11_3
VE_BO80/11,164,Calicata,Bt3,47,59,50,45.00,4.50,0,36,17,47,1.31,,2.000,VE_BO80/11_4
VE_BO80/11,165,Calicata,Bt4,59,100,40,45.00,4.50,0,33,17,50,1.28,,1.400,VE_BO80/11_5
VE_BO83/11,166,Calicata,A1,0,7,160,46.00,4.60,60,69,21,10,1.53,,2.700,VE_BO83/11_1
VE_BO83/11,167,Calicata,Bt1,7,20,110,31.00,3.10,60,56,13,31,1.40,,1.100,VE_BO83/11_2
VE_BO83/11,168,Calicata,Bt2,20,45,80,34.00,3.40,25,36,18,46,1.30,,1.900,VE_BO83/11_3
VE_BO83/11,169,Calicata,Bt3,45,70,70,38.00,3.80,25,36,17,47,1.27,,0.500,VE_BO83/11_4
VE_BO83/11,170,Calicata,Bt4,70,90,50,44.00,4.40,60,33,27,40,1.32,,0.500,VE_BO83/11_5
VE_BO83/12,171,Calicata,A,0,10,170,41.00,4.10,60,63,22,15,1.51,,3.200,VE_BO83/12_1
VE_BO83/12,172,Calicata,Bt1,10,30,70,43.00,4.30,60,48,18,34,1.37,,2.100,VE_BO83/12_2
VE_BO83/12,173,Calicata,Bt2,30,47,40,45.00,4.50,60,47,16,37,1.36,,1.900,VE_BO83/12_3
VE_BO83/12,174,Calicata,Bt3,47,59,40,45.00,4.50,60,49,12,39,1.34,,2.000,VE_BO83/12_4
VE_BO83/12,175,Calicata,Bt4,59,100,10,47.00,4.70,60,40,18,42,1.32,,2.400,VE_BO83/12_5
VE_BO84/11,176,Calicata,A1,0,18,,,,,,,,,,,VE_BO84/11_1
VE_BO84/11,177,Calicata,C1,18,43,30,61.00,6.10,60,73,9,18,1.53,,6.300,VE_BO84/11_2
VE_CA40/11,178,Calicata,Ap,0,10,260,72.00,7.20,0,9,55,36,1.30,,35.500,VE_CA40/11_1
VE_CA40/11,179,Calicata,Ap,10,42,250,73.00,7.30,0,4,52,44,1.20,,37.400,VE_CA40/11_2
VE_CA40/11,180,Calicata,Bw,42,66,110,75.00,7.50,0,26,58,16,1.30,,32.200,VE_CA40/11_3
VE_CA40/11,181,Calicata,Bw,66,90,140,73.00,7.30,0,10,52,38,1.30,,31.300,VE_CA40/11_4
VE_CA40/11,182,Calicata,Bw,90,125,60,74.00,7.40,0,15,51,34,1.30,,27.700,VE_CA40/11_5
VE_DA67/11,183,Calicata,Ab,0,8,990,36.00,3.60,0,2,56,42,1.29,,31.600,VE_DA67/11_1
VE_DA67/11,184,Calicata,Cg1,8,20,130,37.00,3.70,0,0,55,45,1.28,,12.200,VE_DA67/11_2
VE_DA67/11,185,Calicata,Cg2,20,86,100,37.00,3.70,0,0,44,56,1.27,,12.100,VE_DA67/11_3
VE_DA67/11,186,Calicata,Cg3,86,96,500,35.00,3.50,0,0,39,61,1.24,,23.700,VE_DA67/11_4
VE_DA67/11,187,Calicata,Cg4,96,106,960,29.00,2.90,0,7,47,46,1.27,,33.900,VE_DA67/11_5
VE_DA67/12,188,Calicata,Ah,0,23,1100,41.00,4.10,0,22,46,32,1.35,,88.900,VE_DA67/12_1
VE_DA67/12,189,Calicata,Cg,23,45,460,36.00,3.60,0,0,52,48,1.25,,80.100,VE_DA67/12_2
VE_DA68/11,190,Calicata,A,0,8,990,36.00,3.60,0,2,56,42,1.29,,31.600,VE_DA68/11_1
VE_DA68/11,191,Calicata,Cg1,8,20,130,37.00,3.70,0,0,54,46,1.28,,12.200,VE_DA68/11_2
VE_DA68/11,192,Calicata,Cg2,20,86,100,37.00,3.70,0,0,44,56,1.27,,12.100,VE_DA68/11_3
VE_DA68/11,193,Calicata,Cg3,86,96,510,35.00,3.50,0,0,39,61,1.24,,23.700,VE_DA68/11_4
VE_DA68/11,194,Calicata,Cg4,96,106,960,29.00,2.90,0,7,47,46,1.27,,33.900,VE_DA68/11_5
VE_DA68/12,195,Calicata,H,0,10,,,,0,,,,,,,VE_DA68/12_1
VE_DA68/12,196,Calicata,He1,10,30,2700,,,0,,,,,,3.300,VE_DA68/12_2
VE_DA68/12,197,Calicata,He2,30,50,3200,,,0,,,,,,3.400,VE_DA68/12_3
VE_DA68/12,198,Calicata,He3,50,80,2000,,,0,,,,,,4.000,VE_DA68/12_4
VE_DA68/12,199,Calicata,He4,80,100,1600,,,0,,,,,,4.600,VE_DA68/12_5
VE_FA062,200,Calicata,A,0,10,10,,,0,42,10,48,1.35,,,VE_FA062_1
VE_FA062,201,Calicata,Bw1,10,50,10,,,0,27,10,63,1.35,,,VE_FA062_2
VE_FA062,202,Calicata,Bw2,50,100,10,,,0,23,14,63,1.35,,,VE_FA062_3
VE_FA063,203,Calicata,A,0,10,,58.00,5.80,0,1,14,85,1.08,,32.000,VE_FA063_1
VE_FA063,204,Calicata,Bw,10,68,,47.00,4.70,0,1,14,85,1.08,,28.400,VE_FA063_2
VE_FA063,205,Calicata,C1,68,100,,57.00,5.70,0,1,22,77,1.18,,,VE_FA063_3
VE_FA063,206,Calicata,C2,100,175,,78.00,7.80,0,2,45,53,1.29,,,VE_FA063_4
VE_FA063,207,Calicata,C3,175,195,,77.00,7.70,0,6,49,45,1.29,,,VE_FA063_5
VE_FA26,208,Calicata,Ah,0,22,20,60.00,6.00,0,17,30,53,1.35,,32.100,VE_FA26_1
VE_FA26,209,Calicata,Bw1,22,39,20,56.00,5.60,0,18,27,55,1.35,,32.400,VE_FA26_2
VE_FA26,210,Calicata,Bw2,39,56,10,54.00,5.40,0,18,29,53,1.35,,31.300,VE_FA26_3
VE_FA26,211,Calicata,BC,56,74,,75.00,7.50,0,27,25,48,1.35,,34.100,VE_FA26_4
VE_FA26,212,Calicata,CB,74,90,,80.00,8.00,0,41,26,33,1.45,,31.100,VE_FA26_5
VE_FAC079,213,Calicata,A,0,12,10,60.00,6.00,0,62,20,18,1.53,,6.300,VE_FAC079_1
VE_FAC079,214,Calicata,B,12,30,10,57.00,5.70,0,53,20,27,1.55,,4.900,VE_FAC079_2
VE_FAC079,215,Calicata,B,30,75,,55.00,5.50,1,45,21,34,1.48,,6.300,VE_FAC079_3
VE_FAC079,216,Calicata,B,75,105,,56.00,5.60,3,43,22,35,1.48,,6.200,VE_FAC079_4
VE_FAC079,217,Calicata,,105,130,,48.00,4.80,3,41,23,36,1.48,,7.500,VE_FAC079_5
VE_FAC104,218,Calicata,A,0,25,10,69.00,6.90,0,17,31,52,1.35,,32.800,VE_FAC104_1
VE_FAC104,219,Calicata,B,25,42,,57.00,5.70,0,17,23,60,1.25,,33.300,VE_FAC104_2
VE_FAC104,220,Calicata,C,42,65,,44.00,4.40,0,14,23,63,1.25,,30.000,VE_FAC104_3
VE_FAV090,221,Calicata,A,0,15,10,57.00,5.70,0,1,5,94,1.03,,32.400,VE_FAV090_1
VE_FAV090,222,Calicata,B,15,53,10,58.00,5.80,0,0,4,96,1.03,,,VE_FAV090_2
VE_FAV090,223,Calicata,B,53,106,10,57.00,5.70,0,0,2,98,1.05,,,VE_FAV090_3
VE_FAV090,224,Calicata,BC,106,143,10,59.00,5.90,0,0,5,95,1.03,,,VE_FAV090_4
VE_FAV090,225,Calicata,C,143,162,,63.00,6.30,0,0,6,94,1.03,,,VE_FAV090_5
VE_GU43/11,226,Calicata,Ah,0,25,330,55.00,5.50,10,43,40,17,1.40,,14.500,VE_GU43/11_1
VE_GU43/11,227,Calicata,E,25,53,110,45.00,4.50,10,38,29,33,1.30,,11.500,VE_GU43/11_2
VE_GU43/11,228,Calicata,Bt,53,110,40,48.00,4.80,25,38,27,35,1.30,,6.500,VE_GU43/11_3
VE_GU43/11,229,Calicata,C,110,200,60,50.00,5.00,,40,31,29,1.30,,5.000,VE_GU43/11_4
VE_GU43/12,230,Calicata,A,0,8,320,38.00,3.80,0,42,37,21,1.40,,10.500,VE_GU43/12_1
VE_GU43/12,231,Calicata,Bw,8,55,90,48.00,4.80,0,34,35,31,1.40,,7.000,VE_GU43/12_2
VE_GU43/12,232,Calicata,Cw,55,110,60,49.00,4.90,0,34,31,35,1.30,,8.000,VE_GU43/12_3
VE_GU43/12,233,Calicata,C,110,150,20,50.00,5.00,0,39,55,6,1.20,,3.500,VE_GU43/12_4
VE_GU46/11,234,Calicata,Ap,0,10,210,50.00,5.00,0,13,31,56,1.30,,13.900,VE_GU46/11_1
VE_GU46/11,235,Calicata,Ap,10,36,80,53.00,5.30,0,6,25,69,1.20,,14.700,VE_GU46/11_2
VE_GU46/11,236,Calicata,A,36,50,50,52.00,5.20,0,6,27,67,1.22,,14.800,VE_GU46/11_3
VE_GU46/11,237,Calicata,C,50,85,40,49.00,4.90,0,7,25,68,1.20,,15.400,VE_GU46/11_4
VE_GU46/11,238,Calicata,C,85,120,30,46.00,4.60,0,7,24,69,1.20,,15.800,VE_GU46/11_5
VE_GU46/12,239,Calicata,Ap,0,30,380,46.00,4.60,0,26,47,27,1.42,,23.900,VE_GU46/12_1
VE_GU46/12,240,Calicata,A,30,48,310,43.00,4.30,0,4,79,17,1.37,,30.000,VE_GU46/12_2
VE_GU46/12,241,Calicata,B,48,68,130,44.00,4.40,0,7,66,27,1.32,,23.300,VE_GU46/12_3
VE_GU46/12,242,Calicata,B,68,108,50,43.00,4.30,0,11,63,26,1.37,,10.000,VE_GU46/12_4
VE_GU46/12,243,Calicata,B,108,121,50,42.00,4.20,0,26,50,24,1.37,,8.600,VE_GU46/12_5
VE_GU54/11,244,Calicata,Ap,0,22,160,45.00,4.50,10,46,23,31,1.46,,7.400,VE_GU54/11_1
VE_GU54/11,245,Calicata,Bt,22,48,50,43.00,4.30,25,29,20,51,1.37,,7.000,VE_GU54/11_2
VE_GU54/11,246,Calicata,Bt,48,76,60,47.00,4.70,25,25,20,55,1.36,,7.000,VE_GU54/11_3
VE_GU54/11,247,Calicata,Bt,76,94,40,46.00,4.60,25,21,25,54,1.28,,7.000,VE_GU54/11_4
VE_GU54/11,248,Calicata,Bt,94,126,30,54.00,5.40,25,21,23,56,1.28,,6.600,VE_GU54/11_5
VE_GU54/12,249,Calicata,Ah,0,20,20,49.00,4.90,0,95,2,3,1.60,,0.800,VE_GU54/12_1
VE_GU54/12,250,Calicata,C,20,65,20,50.00,5.00,0,91,6,3,1.60,,0.600,VE_GU54/12_2
VE_GU54/12,251,Calicata,C,65,100,10,50.00,5.00,0,92,5,3,1.60,,0.800,VE_GU54/12_3
VE_GU54/12,252,Calicata,C,100,120,10,54.00,5.40,0,92,5,3,1.60,,0.600,VE_GU54/12_4
VE_GU54/12,253,Calicata,C,120,160,10,55.00,5.50,0,93,4,3,1.60,,0.600,VE_GU54/12_5
VE_LA07002,254,Calicata,Ah,0,8,50,58.00,5.80,0,18,62,20,1.30,,15.700,VE_LA07002_1
VE_LA07002,255,Calicata,Bw1,8,24,40,66.00,6.60,0,27,58,15,1.30,,14.900,VE_LA07002_2
VE_LA07002,256,Calicata,Bw2,24,47,10,74.00,7.40,0,18,75,7,1.30,,16.700,VE_LA07002_3
VE_LA07002,257,Calicata,2Bw3,47,78,10,70.00,7.00,0,1,59,40,1.30,,,VE_LA07002_4
VE_LA07002,258,Calicata,2Bw4,78,108,10,68.00,6.80,0,1,56,43,1.30,,,VE_LA07002_5
VE_LA07007,259,Calicata,Ap,0,50,260,37.00,3.70,0,45,33,22,1.30,,10.500,VE_LA07007_1
VE_LA07007,260,Calicata,AB,50,75,210,36.00,3.60,0,37,35,28,1.30,,10.800,VE_LA07007_2
VE_LA07007,261,Calicata,Bw,75,90,180,38.00,3.80,0,28,39,33,1.30,,11.400,VE_LA07007_3
VE_LA07007,262,Calicata,CR,90,100,,,,,,,,,,,VE_LA07007_4
VE_LA08031,263,Calicata,Ap,0,10,310,78.00,7.80,10,30,46,24,1.30,,19.400,VE_LA08031_1
VE_LA08031,264,Calicata,Bw1,10,35,320,78.00,7.80,10,28,42,30,1.30,,18.500,VE_LA08031_2
VE_LA08031,265,Calicata,Bw2,35,70,180,77.00,7.70,10,43,39,18,1.30,,17.600,VE_LA08031_3
VE_LA08031,266,Calicata,CR,70,136,,,,,,,,,,,VE_LA08031_4
VE_LA08189,267,Calicata,Ap,0,8,,,,,,,,,,,VE_LA08189_1
VE_LA08189,268,Calicata,R,8,18,,,,,,,,,,,VE_LA08189_2
VE_ME04000180,269,Calicata,A,0,25,180,40.00,4.00,3,14,33,53,1.30,,3.600,VE_ME04000180_1
VE_ME04000180,270,Calicata,Bt,25,71,60,45.00,4.50,10,10,28,62,1.20,,3.000,VE_ME04000180_2
VE_ME04000180,271,Calicata,BC,71,150,40,49.00,4.90,90,14,29,57,1.20,,2.600,VE_ME04000180_3
VE_ME04000280,272,Calicata,A1,0,27,330,46.00,4.60,0,8,39,53,1.30,,3.700,VE_ME04000280_1
VE_ME04000280,273,Calicata,A2,27,74,160,43.00,4.30,10,6,38,56,1.20,,2.600,VE_ME04000280_2
VE_ME04000280,274,Calicata,Bw,74,105,300,46.00,4.60,25,7,39,54,1.30,,3.400,VE_ME04000280_3
VE_ME04000280,275,Calicata,BC,105,127,70,50.00,5.00,60,8,33,59,1.20,,2.000,VE_ME04000280_4
VE_ME05000190,276,Calicata,A,0,10,537,62.00,6.20,0,31,46,23,1.40,,,VE_ME05000190_1
VE_ME05000190,277,Calicata,Bt1,10,25,410.9,58.00,5.80,10,26,46,28,1.20,,,VE_ME05000190_2
VE_ME05000190,278,Calicata,Bt2,25,42,267.9,57.00,5.70,10,26,43,31,1.20,,,VE_ME05000190_3
VE_ME05000190,279,Calicata,Bt3,42,80,412,60.00,6.00,10,26,43,31,1.20,,,VE_ME05000190_4
VE_ME05000190,280,Calicata,BC,80,120,,,,,,,,,,,VE_ME05000190_5
VE_ME06000190,281,Calicata,A,0,22,100,50.00,5.00,10,16,34,50,1.00,,17.000,VE_ME06000190_1
VE_ME06000190,282,Calicata,Bw,22,35,20,51.00,5.10,10,23,35,42,1.00,,12.100,VE_ME06000190_2
VE_ME06000190,283,Calicata,BC,35,57,20,49.00,4.90,10,45,29,26,1.40,,19.100,VE_ME06000190_3
VE_ME06000190,284,Calicata,C/R,57,95,,,,25,,,,,,,VE_ME06000190_4
VE_ME11000186,285,Calicata,A,0,10,,,,3,,,,1.00,,,VE_ME11000186_1
VE_ME11000186,286,Calicata,R,10,30,,,,90,,,,,,,VE_ME11000186_2
VE_MI41/11,287,Calicata,Ap,0,20,70,60.00,6.00,3,65,29,6,1.50,,14.800,VE_MI41/11_1
VE_MI41/11,288,Calicata,AC,20,32,30,60.00,6.00,3,67,29,4,1.50,,15.500,VE_MI41/11_2
VE_MI41/11,289,Calicata,C1,32,93,20,63.00,6.30,1,65,29,6,1.50,,9.000,VE_MI41/11_3
VE_MI41/11,290,Calicata,C2,93,150,210,64.00,6.40,60,43,51,6,1.50,,19.000,VE_MI41/11_4
VE_MI42/11,291,Calicata,Ap,0,7,400,60.00,6.00,0,3,75,22,1.38,,23.700,VE_MI42/11_1
VE_MI42/11,292,Calicata,Ap,7,25,70,62.00,6.20,0,3,60,37,1.33,,18.600,VE_MI42/11_2
VE_MI42/11,293,Calicata,Bw,25,39,70,62.00,6.20,0,3,55,42,1.28,,21.600,VE_MI42/11_3
VE_MI42/11,294,Calicata,Bw,39,50,30,65.00,6.50,0,3,61,36,1.32,,19.900,VE_MI42/11_4
VE_MI42/11,295,Calicata,Bw,50,80,30,67.00,6.70,0,3,65,32,1.33,,17.800,VE_MI42/11_5
VE_MO62/11,296,Calicata,A1,0,12,180,62.00,6.20,0,4,30,66,1.18,,33.800,VE_MO62/11_1
VE_MO62/11,297,Calicata,B21g,12,40,80,67.00,6.70,0,1,26,73,1.15,,32.500,VE_MO62/11_2
VE_MO62/11,298,Calicata,C1g,40,56,70,68.00,6.80,0,1,35,64,1.20,,25.500,VE_MO62/11_3
VE_MO62/11,299,Calicata,C2g,56,70,70,69.00,6.90,0,1,33,66,1.20,,25.000,VE_MO62/11_4
VE_MO62/11,300,Calicata,C3g,70,110,60,68.00,6.80,0,2,39,59,1.29,,23.800,VE_MO62/11_5
VE_MO62/12,301,Calicata,A1,0,18,220,66.00,6.60,0,24,41,35,1.33,,28.800,VE_MO62/12_1
VE_MO62/12,302,Calicata,B21,18,36,60,67.00,6.70,0,42,33,25,1.42,,22.500,VE_MO62/12_2
VE_MO62/12,303,Calicata,B22,36,70,60,67.00,6.70,0,40,33,27,1.41,,25.000,VE_MO62/12_3
VE_MO62/12,304,Calicata,B3g,70,115,30,70.00,7.00,0,71,15,14,1.55,,17.500,VE_MO62/12_4
VE_MO62/12,305,Calicata,C1g,115,140,10,73.00,7.30,0,76,14,10,1.58,,13.200,VE_MO62/12_5
VE_MO63/11,306,Calicata,A1,0,20,30,50.00,5.00,0,73,12,15,1.70,,4.000,VE_MO63/11_1
VE_MO63/11,307,Calicata,A2,20,50,10,50.00,5.00,0,75,8,17,1.70,,4.200,VE_MO63/11_2
VE_MO63/11,308,Calicata,A3,50,70,20,52.00,5.20,0,71,12,17,1.70,,3.400,VE_MO63/11_3
VE_MO63/11,309,Calicata,B1,70,110,10,53.00,5.30,0,71,14,15,1.70,,1.800,VE_MO63/11_4
VE_MO63/11,310,Calicata,B2,110,155,10,53.00,5.30,0,69,11,20,1.70,,4.000,VE_MO63/11_5
VE_MO63/12,311,Calicata,Ap,0,12,80,49.00,4.90,0,80,12,8,1.60,,2.200,VE_MO63/12_1
VE_MO63/12,312,Calicata,Bw1,12,28,60,45.00,4.50,0,77,15,8,1.60,,2.300,VE_MO63/12_2
VE_MO63/12,313,Calicata,Bw2,28,52,30,48.00,4.80,0,72,15,13,1.60,,2.600,VE_MO63/12_3
VE_MO63/12,314,Calicata,Bw3,52,93,20,51.00,5.10,0,76,9,15,1.60,,1.400,VE_MO63/12_4
VE_MO63/12,315,Calicata,Bt1,93,130,30,53.00,5.30,0,55,18,27,1.48,,1.600,VE_MO63/12_5
VE_MO64/11,316,Calicata,Ap,0,20,50,44.00,4.40,0,71,18,11,1.60,,4.500,VE_MO64/11_1
VE_MO64/11,317,Calicata,A21,20,35,30,46.00,4.60,0,68,18,14,1.60,,3.500,VE_MO64/11_2
VE_MO64/11,318,Calicata,A22,35,50,40,47.00,4.70,0,63,20,17,1.60,,2.500,VE_MO64/11_3
VE_MO64/11,319,Calicata,B2t,50,70,30,50.00,5.00,0,60,21,19,1.60,,3.700,VE_MO64/11_4
VE_MO64/11,320,Calicata,B22t,70,95,30,51.00,5.10,0,54,10,36,1.60,,5.100,VE_MO64/11_5
VE_MO64/12,321,Calicata,Ap,0,15,130,45.00,4.50,0,52,28,20,1.47,,6.600,VE_MO64/12_1
VE_MO64/12,322,Calicata,A1,15,30,90,44.00,4.40,0,51,27,23,1.46,,5.900,VE_MO64/12_2
VE_MO64/12,323,Calicata,Bt1,30,45,50,45.00,4.50,0,50,24,26,1.45,,6.200,VE_MO64/12_3
VE_MO64/12,324,Calicata,Bt2,45,55,30,43.00,4.30,0,47,27,26,1.40,,7.000,VE_MO64/12_4
VE_MO64/12,325,Calicata,Bt3,55,115,30,48.00,4.80,0,25,24,51,1.28,,10.300,VE_MO64/12_5
VE_MO66/11,326,Calicata,A,0,20,20,49.00,4.90,0,95,2,3,1.70,,0.700,VE_MO66/11_1
VE_MO66/11,327,Calicata,C1,20,65,10,50.00,5.00,0,91,6,3,1.70,,0.600,VE_MO66/11_2
VE_MO66/11,328,Calicata,C2,65,100,10,50.00,5.00,0,92,5,3,1.70,,0.800,VE_MO66/11_3
VE_MO66/11,329,Calicata,C3,100,120,,54.00,5.40,0,92,5,3,1.70,,0.600,VE_MO66/11_4
VE_MO66/11,330,Calicata,C3,120,160,,55.00,5.50,0,93,4,3,1.70,,0.600,VE_MO66/11_5
VE_MO66/12,331,Calicata,A1,0,20,30,50.00,5.00,0,73,12,15,1.70,,4.100,VE_MO66/12_1
VE_MO66/12,332,Calicata,A2,20,50,10,50.00,5.00,0,75,8,17,1.70,,4.200,VE_MO66/12_2
VE_MO66/12,333,Calicata,A3,50,70,10,52.00,5.20,0,71,12,17,1.70,,3.400,VE_MO66/12_3
VE_MO66/12,334,Calicata,Bu1,70,110,10,53.00,5.30,0,71,13,16,1.70,,1.800,VE_MO66/12_4
VE_MO66/12,335,Calicata,Bu2,110,155,10,53.00,5.30,0,70,11,18,1.70,,4.000,VE_MO66/12_5
VE_PO0001,336,Calicata,A1,0,13,90,42.00,4.20,0,37,52,11,1.30,,10.400,VE_PO0001_1
VE_PO0001,337,Calicata,A2,13,28,50,44.00,4.40,0,36,52,12,1.30,,9.200,VE_PO0001_2
VE_PO0001,338,Calicata,Bt1,28,80,20,52.00,5.20,0,31,12,57,1.30,,8.700,VE_PO0001_3
VE_PO0001,339,Calicata,Bt2,80,122,20,58.00,5.80,0,16,62,22,1.30,,17.500,VE_PO0001_4
VE_PO0001,340,Calicata,Bt3,122,163,10,56.00,5.60,0,5,48,47,1.20,,26.500,VE_PO0001_5
VE_PO0002,341,Calicata,A1,0,12,190,56.00,5.60,0,18,63,19,1.40,,10.700,VE_PO0002_1
VE_PO0002,342,Calicata,A2,12,27,60,51.00,5.10,0,21,59,20,1.40,,9.600,VE_PO0002_2
VE_PO0002,343,Calicata,Bt1,27,52,30,57.00,5.70,0,22,57,21,1.40,,5.500,VE_PO0002_3
VE_PO0002,344,Calicata,Bt2,52,76,20,59.00,5.90,0,3,74,23,1.40,,6.700,VE_PO0002_4
VE_PO0002,345,Calicata,Bt3,76,104,40,63.00,6.30,0,11,58,31,1.40,,7.400,VE_PO0002_5
VE_PO0004,346,Calicata,A1,0,12,230,57.00,5.70,0,2,68,30,1.40,,17.700,VE_PO0004_1
VE_PO0004,347,Calicata,Bw1,12,59,40,57.00,5.70,0,1,69,30,1.40,,3.700,VE_PO0004_2
VE_PO0004,348,Calicata,Bw2,59,83,30,58.00,5.80,0,3,74,23,1.30,,11.200,VE_PO0004_3
VE_PO0004,349,Calicata,Bw3,83,114,30,59.00,5.90,0,14,64,22,1.30,,10.800,VE_PO0004_4
VE_PO0004,350,Calicata,C,114,177,30,62.00,6.20,0,11,66,23,1.30,,11.200,VE_PO0004_5
VE_PO0005,351,Calicata,A,0,19,160,46.00,4.60,0,1,36,63,1.10,,15.600,VE_PO0005_1
VE_PO0005,352,Calicata,Bw1,19,48,50,51.00,5.10,0,4,41,55,1.20,,19.200,VE_PO0005_2
VE_PO0005,353,Calicata,Bw2,48,77,30,53.00,5.30,0,3,45,52,1.20,,15.900,VE_PO0005_3
VE_PO0005,354,Calicata,Bw3,77,98,20,56.00,5.60,0,1,44,55,1.20,,16.900,VE_PO0005_4
VE_PO0005,355,Calicata,Bw4,98,128,20,61.00,6.10,0,10,49,41,1.20,,14.800,VE_PO0005_5
VE_PO0006,356,Calicata,A1,0,17,340,70.00,7.00,0,7,51,42,1.20,,28.800,VE_PO0006_1
VE_PO0006,357,Calicata,A2,17,43,70,62.00,6.20,0,9,48,43,1.20,,19.200,VE_PO0006_2
VE_PO0006,358,Calicata,Bw1,43,75,40,63.00,6.30,0,9,47,44,1.20,,18.100,VE_PO0006_3
VE_PO0006,359,Calicata,Bw2,75,130,40,70.00,7.00,0,5,51,44,1.20,,17.000,VE_PO0006_4
VE_PO0006,360,Calicata,Bw3,130,150,40,69.00,6.90,0,3,53,44,1.20,,17.500,VE_PO0006_5
VE_PO0007,361,Calicata,A1,0,15,100,62.00,6.20,0,0,41,59,1.10,,19.800,VE_PO0007_1
VE_PO0007,362,Calicata,Bw1,15,63,90,62.00,6.20,0,0,26,74,1.10,,25.000,VE_PO0007_2
VE_PO0007,363,Calicata,Bw2,63,105,70,64.00,6.40,0,3,36,61,1.10,,23.100,VE_PO0007_3
VE_PO0007,364,Calicata,C1,105,210,60,63.00,6.30,0,0,55,45,1.10,,16.400,VE_PO0007_4
VE_PO0008,365,Calicata,A,0,12,160,61.00,6.10,0,49,37,13,1.35,,9.100,VE_PO0008_1
VE_PO0008,366,Calicata,BA,12,30,30,65.00,6.50,0,57,25,18,1.35,,4.800,VE_PO0008_2
VE_PO0008,367,Calicata,Bt1,30,62,20,67.00,6.70,0,64,18,18,1.35,,7.300,VE_PO0008_3
VE_PO0008,368,Calicata,Bt2,62,110,20,72.00,7.20,0,56,20,24,1.35,,7.300,VE_PO0008_4
VE_PO0008,369,Calicata,C,110,154,,75.00,7.50,0,67,14,19,1.35,,6.200,VE_PO0008_5
VE_PO0009,370,Calicata,A1,0,15,120,,,0,23,42,35,1.35,,8.700,VE_PO0009_1
VE_PO0009,371,Calicata,A2,15,50,70,65.00,6.50,0,31,32,37,1.35,,7.300,VE_PO0009_2
VE_PO0009,372,Calicata,Bt1,50,60,90,,,0,24,35,41,1.10,,6.900,VE_PO0009_3
VE_PO0009,373,Calicata,Bt1,60,105,20,,,0,22,33,45,1.10,,6.200,VE_PO0009_4
VE_PO0009,374,Calicata,Bt3,105,160,30,,,0,25,41,34,1.20,,5.200,VE_PO0009_5
VE_PO0010,375,Calicata,A1,0,17,150,,,0,64,25,11,1.35,,11.900,VE_PO0010_1
VE_PO0010,376,Calicata,A2,17,40,60,,,0,62,26,12,1.35,,9.000,VE_PO0010_2
VE_PO0010,377,Calicata,Bw1,40,65,40,,,0,48,29,23,1.35,,9.400,VE_PO0010_3
VE_PO0010,378,Calicata,Bw2,65,92,10,,,0,58,24,18,1.35,,8.500,VE_PO0010_4
VE_PO0010,379,Calicata,Bw3,92,135,,,,0,74,13,13,1.35,,5.400,VE_PO0010_5
VE_PO0011,380,Calicata,A,0,16,230,65.00,6.50,0,24,53,23,1.30,,19.100,VE_PO0011_1
VE_PO0011,381,Calicata,Bw1,16,29,60,65.00,6.50,0,31,47,22,1.30,,14.500,VE_PO0011_2
VE_PO0011,382,Calicata,Bw2,29,43,60,65.00,6.50,0,19,59,22,1.30,,14.600,VE_PO0011_3
VE_PO0011,383,Calicata,Bw3,43,70,50,67.00,6.70,0,4,69,27,1.30,,20.300,VE_PO0011_4
VE_PO0011,384,Calicata,Bw4,70,88,40,60.00,6.00,0,1,59,40,1.35,,22.100,VE_PO0011_5
VE_PO0012,385,Calicata,A,0,14,280,71.00,7.10,0,16,48,36,1.35,,34.900,VE_PO0012_1
VE_PO0012,386,Calicata,Bt1,14,33,80,69.00,6.90,0,28,21,51,1.10,,22.000,VE_PO0012_2
VE_PO0012,387,Calicata,Bt2,33,74,20,68.00,6.80,0,56,11,33,1.30,,13.100,VE_PO0012_3
VE_PO0012,388,Calicata,Bt3,74,104,20,73.00,7.30,0,27,37,36,1.35,,15.900,VE_PO0012_4
VE_PO0012,389,Calicata,C,104,150,240,76.00,7.60,0,37,27,36,1.35,,,VE_PO0012_5
VE_PO0013,390,Calicata,A1,0,9,320,61.00,6.10,0,5,49,46,1.10,,30.600,VE_PO0013_1
VE_PO0013,391,Calicata,Ah2,9,26,110,57.00,5.70,0,5,48,47,1.10,,22.500,VE_PO0013_2
VE_PO0013,392,Calicata,Ah3,26,58,80,58.00,5.80,0,7,46,47,1.10,,20.500,VE_PO0013_3
VE_PO0013,393,Calicata,Bw1,58,80,40,59.00,5.90,0,9,49,42,1.10,,25.700,VE_PO0013_4
VE_PO0013,394,Calicata,Bw2,80,104,50,60.00,6.00,0,3,62,35,1.35,,18.300,VE_PO0013_5
VE_PO0015,395,Calicata,A1,0,15,210,82.00,8.20,0,8,65,27,1.40,,27.000,VE_PO0015_1
VE_PO0015,396,Calicata,A2,15,26,110,82.00,8.20,0,9,64,27,1.30,,21.800,VE_PO0015_2
VE_PO0015,397,Calicata,Bw1,26,39,100,83.00,8.30,0,6,67,27,1.40,,22.500,VE_PO0015_3
VE_PO0015,398,Calicata,C1,39,49,90,83.00,8.30,0,5,67,28,1.30,,20.800,VE_PO0015_4
VE_PO0015,399,Calicata,C2,49,74,30,83.00,8.30,0,7,76,17,1.40,,11.300,VE_PO0015_5
VE_PO0016,400,Calicata,A1,0,15,270,70.00,7.00,0,2,44,54,1.10,,37.500,VE_PO0016_1
VE_PO0016,401,Calicata,A2,15,25,120,71.00,7.10,0,1,41,58,1.10,,16.200,VE_PO0016_2
VE_PO0016,402,Calicata,Bw1,25,51,60,71.00,7.10,0,6,44,50,1.10,,19.000,VE_PO0016_3
VE_PO0016,403,Calicata,Bw2,51,82,40,73.00,7.30,0,3,63,34,1.30,,12.900,VE_PO0016_4
VE_PO0016,404,Calicata,C1,82,102,80,81.00,8.10,0,4,42,54,1.10,,22.500,VE_PO0016_5
VE_PO0017,405,Calicata,A1,0,17,270,65.00,6.50,0,33,43,24,1.30,,27.300,VE_PO0017_1
VE_PO0017,406,Calicata,Bw1,17,40,100,72.00,7.20,0,60,24,16,1.30,,18.000,VE_PO0017_2
VE_PO0017,407,Calicata,Bw2,40,64,40,73.00,7.30,0,73,17,10,1.35,,10.300,VE_PO0017_3
VE_PO0017,408,Calicata,C1,64,80,20,72.00,7.20,0,79,14,7,1.35,,8.300,VE_PO0017_4
VE_PO0017,409,Calicata,C2,80,109,10,75.00,7.50,0,83,12,5,1.35,,6.300,VE_PO0017_5
VE_PO0018,410,Calicata,A,0,14,110,56.00,5.60,0,37,40,23,1.35,,6.700,VE_PO0018_1
VE_PO0018,411,Calicata,Bt1,14,27,230,59.00,5.90,0,35,34,31,1.35,,12.000,VE_PO0018_2
VE_PO0018,412,Calicata,Bt2,27,54,20,56.00,5.60,0,33,29,38,1.35,,6.300,VE_PO0018_3
VE_PO0018,413,Calicata,Bt3,54,90,20,59.00,5.90,0,24,25,51,1.10,,6.500,VE_PO0018_4
VE_PO0018,414,Calicata,Bt4,90,130,20,60.00,6.00,0,30,26,44,1.10,,6.200,VE_PO0018_5
VE_PO0019,415,Calicata,A,0,12,270,54.00,5.40,0,36,46,18,1.35,,30.000,VE_PO0019_1
VE_PO0019,416,Calicata,Bt1,12,27,170,54.00,5.40,0,39,33,28,1.40,,27.000,VE_PO0019_2
VE_PO0019,417,Calicata,Bt2,27,60,90,55.00,5.50,0,49,28,23,1.35,,25.000,VE_PO0019_3
VE_PO0019,418,Calicata,Bt3,60,90,20,57.00,5.70,0,48,32,20,1.35,,15.000,VE_PO0019_4
VE_PO0019,419,Calicata,C,90,105,20,57.00,5.70,0,52,31,17,1.30,,16.000,VE_PO0019_5
VE_PO0020,420,Calicata,A,0,17,450,59.00,5.90,0,38,39,23,1.40,,16.200,VE_PO0020_1
VE_PO0020,421,Calicata,R,17,27,,,,,,,,,,,VE_PO0020_2
VE_PO0021,422,Calicata,Ah,0,26,50,49.00,4.90,0,37,57,6,1.40,,6.700,VE_PO0021_1
VE_PO0021,423,Calicata,AE,26,46,10,52.00,5.20,0,36,54,10,1.40,,4.900,VE_PO0021_2
VE_PO0021,424,Calicata,Bt1,46,88,10,51.00,5.10,0,23,48,29,1.20,,12.300,VE_PO0021_3
VE_PO0021,425,Calicata,Bt2,88,125,,51.00,5.10,0,23,42,35,1.40,,14.500,VE_PO0021_4
VE_PO0021,426,Calicata,Bt3,125,150,,43.00,4.30,0,19,41,40,1.20,,15.200,VE_PO0021_5
VE_PO0022,427,Calicata,Ah1,0,13,60,40.00,4.00,0,55,31,14,1.35,,,VE_PO0022_1
VE_PO0022,428,Calicata,Ah2,13,27,40,45.00,4.50,0,28,55,17,1.35,,,VE_PO0022_2
VE_PO0022,429,Calicata,Bw1,27,48,30,42.00,4.20,0,32,47,21,1.35,,,VE_PO0022_3
VE_PO0022,430,Calicata,Bw2,48,75,20,38.00,3.80,0,21,57,22,1.35,,,VE_PO0022_4
VE_PO0022,431,Calicata,Bw3,75,120,20,38.00,3.80,0,21,55,24,1.35,,,VE_PO0022_5
VE_PO0023,432,Calicata,Ah1,0,12,470,42.00,4.20,0,1,38,61,1.10,,,VE_PO0023_1
VE_PO0023,433,Calicata,Ah2,12,30,860,41.00,4.10,0,1,33,66,1.10,,,VE_PO0023_2
VE_PO0023,434,Calicata,AB,30,62,60,37.00,3.70,0,1,26,73,1.10,,,VE_PO0023_3
VE_PO0023,435,Calicata,BC,62,120,20,45.00,4.50,0,1,33,66,1.10,,,VE_PO0023_4
VE_PO0024,436,Calicata,A1,0,10,250,51.00,5.10,0,1,65,34,1.35,,19.500,VE_PO0024_1
VE_PO0024,437,Calicata,Bw1,10,27,60,51.00,5.10,0,3,59,38,1.35,,27.000,VE_PO0024_2
VE_PO0024,438,Calicata,Bw2,27,48,40,52.00,5.20,0,2,64,34,1.35,,14.800,VE_PO0024_3
VE_PO0025,439,Calicata,A,0,8,160,46.00,4.60,0,95,1,4,1.60,,5.300,VE_PO0025_1
VE_PO0025,440,Calicata,C1,8,29,40,42.00,4.20,0,93,2,5,1.60,,2.500,VE_PO0025_2
VE_PO0025,441,Calicata,C2,29,73,30,41.00,4.10,0,94,1,5,1.60,,2.100,VE_PO0025_3
VE_PO0025,442,Calicata,C3,73,150,20,52.00,5.20,0,89,3,8,1.60,,2.700,VE_PO0025_4
VE_PO0025,443,Calicata,C4,150,225,,,,,,,,,,,VE_PO0025_5
VE_PO0026,444,Calicata,A,0,12,140,55.00,5.50,0,53,44,3,1.30,,10.700,VE_PO0026_1
VE_PO0026,445,Calicata,E,12,28,60,51.00,5.10,0,50,36,14,1.30,,12.700,VE_PO0026_2
VE_PO0026,446,Calicata,Bt1,28,65,40,49.00,4.90,0,44,25,31,1.40,,16.200,VE_PO0026_3
VE_PO0026,447,Calicata,Bt2,65,140,20,52.00,5.20,0,39,20,41,1.10,,8.600,VE_PO0026_4
VE_PO0028,448,Calicata,A1,0,15,60,52.00,5.20,0,90,5,5,1.60,,1.000,VE_PO0028_1
VE_PO0028,449,Calicata,A2,15,30,40,47.00,4.70,0,91,4,5,1.60,,1.000,VE_PO0028_2
VE_PO0028,450,Calicata,Bb1,30,62,20,49.00,4.90,0,89,4,7,1.60,,1.000,VE_PO0028_3
VE_PO0028,451,Calicata,Bb2,62,78,30,46.00,4.60,0,83,10,7,1.60,,1.000,VE_PO0028_4
VE_PO0028,452,Calicata,Bb3,78,113,30,47.00,4.70,0,73,16,11,1.60,,1.000,VE_PO0028_5
VE_PO0029,453,Calicata,Ah1,0,8,40,52.00,5.20,0,70,28,2,1.40,,10.300,VE_PO0029_1
VE_PO0029,454,Calicata,Ah2,8,30,50,52.00,5.20,0,71,26,3,1.40,,7.100,VE_PO0029_2
VE_PO0029,455,Calicata,Bt1,30,60,20,51.00,5.10,0,70,24,6,1.40,,4.100,VE_PO0029_3
VE_PO0029,456,Calicata,Bt2,60,110,10,50.00,5.00,0,65,21,14,1.40,,4.300,VE_PO0029_4
VE_PO0029,457,Calicata,Bt3,110,140,10,52.00,5.20,0,60,24,16,1.40,,5.500,VE_PO0029_5
VE_PO0030,458,Calicata,Ah,0,25,400,50.00,5.00,0,1,29,70,1.10,,44.700,VE_PO0030_1
VE_PO0030,459,Calicata,Bw1,25,39,70,50.00,5.00,0,1,25,74,1.10,,34.200,VE_PO0030_2
VE_PO0030,460,Calicata,Bw2,39,77,40,51.00,5.10,0,2,23,75,1.10,,31.700,VE_PO0030_3
VE_PO0030,461,Calicata,Bw3,77,102,30,50.00,5.00,0,4,38,58,1.10,,26.100,VE_PO0030_4
VE_PO0030,462,Calicata,C,102,140,40,49.00,4.90,0,3,27,70,1.10,,27.500,VE_PO0030_5
VE_SU59/11,463,Calicata,Ap,0,10,180,49.00,4.90,0,59,16,25,1.48,,7.600,VE_SU59/11_1
VE_SU59/11,464,Calicata,Bw,10,45,40,50.00,5.00,0,47,11,42,1.38,,8.400,VE_SU59/11_2
VE_SU59/11,465,Calicata,Bw2,45,80,20,50.00,5.00,0,56,4,40,1.42,,8.800,VE_SU59/11_3
VE_SU59/11,466,Calicata,Bw3,80,120,10,50.00,5.00,0,33,22,45,1.32,,9.200,VE_SU59/11_4
VE_SU59/11,467,Calicata,BC,120,140,10,50.00,5.00,0,28,24,48,1.32,,10.900,VE_SU59/11_5
VE_SU59/12,468,Calicata,Ah,0,30,30,50.00,5.00,60,69,16,15,1.55,,9.200,VE_SU59/12_1
VE_SU59/12,469,Calicata,BC,30,140,40,51.00,5.10,60,53,16,31,1.45,,11.800,VE_SU59/12_2
VE_SU59/12,470,Calicata,C,140,150,70,49.00,4.90,90,30,10,60,1.26,,13.600,VE_SU59/12_3
VE_SU59/13,471,Calicata,Ap,0,10,20,50.00,5.00,0,40,37,23,1.42,,15.600,VE_SU59/13_1
VE_SU59/13,472,Calicata,AB,10,18,100,48.00,4.80,3,35,33,32,1.38,,10.500,VE_SU59/13_2
VE_SU59/13,473,Calicata,Bt1,18,36,60,50.00,5.00,1,35,30,35,1.37,,9.500,VE_SU59/13_3
VE_SU59/13,474,Calicata,Bt2,36,60,40,47.00,4.70,10,34,29,37,1.34,,16.500,VE_SU59/13_4
VE_SU59/13,475,Calicata,Bt3,60,95,40,47.00,4.70,10,31,35,34,1.37,,15.500,VE_SU59/13_5
VE_SU60/11,476,Calicata,A1,0,10,70,71.00,7.10,25,52,37,11,1.48,,10.700,VE_SU60/11_1
VE_SU60/11,477,Calicata,AC,10,50,30,73.00,7.30,60,32,37,31,1.37,,10.500,VE_SU60/11_2
VE_SU60/11,478,Calicata,C,50,100,70,70.00,7.00,60,57,29,14,1.52,,11.100,VE_SU60/11_3
VE_SU60/12,479,Calicata,Ah,0,10,120,64.00,6.40,0,50,34,16,1.48,,9.600,VE_SU60/12_1
VE_SU60/12,480,Calicata,Bt1,10,60,50,63.00,6.30,0,35,36,29,1.38,,12.200,VE_SU60/12_2
VE_SU60/12,481,Calicata,Bt2,60,150,10,65.00,6.50,0,48,24,28,1.45,,8.400,VE_SU60/12_3
VE_SU60/13,482,Calicata,A,0,35,90,72.00,7.20,0,45,32,23,1.43,,11.600,VE_SU60/13_1
VE_SU60/13,483,Calicata,Bwg,35,75,10,75.00,7.50,0,78,12,10,1.59,,3.200,VE_SU60/13_2
VE_SU60/13,484,Calicata,Cg,75,90,55,73.00,7.30,0,25,19,56,1.27,,14.200,VE_SU60/13_3
VE_SU61/11,485,Calicata,H,0,3,,,,0,,,,,,,VE_SU61/11_1
VE_SU61/11,486,Calicata,H,3,15,1300,45.00,4.50,0,,,,,,80.800,VE_SU61/11_2
VE_SU61/11,487,Calicata,Cg1,15,35,530,38.00,3.80,0,6,40,54,1.25,,49.000,VE_SU61/11_3
VE_SU61/11,488,Calicata,Cg2,35,80,40,39.00,3.90,0,1,53,46,1.28,,21.500,VE_SU61/11_4
VE_SU61/11,489,Calicata,Hb,80,115,2530,25.00,2.50,0,,,,,,100.000,VE_SU61/11_5
VE_SU61/12,490,Calicata,H,0,10,,,,0,,,,,,,VE_SU61/12_1
VE_SU61/12,491,Calicata,He1,10,30,2650,,,0,,,,,,3.300,VE_SU61/12_2
VE_SU61/12,492,Calicata,He2,30,50,3240,,,0,,,,,,3.400,VE_SU61/12_3
VE_SU61/12,493,Calicata,He3,50,80,1980,,,0,,,,,,4.000,VE_SU61/12_4
VE_SU61/12,494,Calicata,He4,80,100,1550,,,0,,,,,,4.600,VE_SU61/12_5
VE_SU61/13,495,Calicata,H1,0,20,2840,37.00,3.70,0,,,,,,64.900,VE_SU61/13_1
VE_SU61/13,496,Calicata,H2,20,80,3220,31.00,3.10,0,,,,,,79.200,VE_SU61/13_2
VE_TA16000193,497,Calicata,A,0,21,250,49.00,4.90,10,51,28,21,1.50,,64.900,VE_TA16000193_1
VE_TA16000193,498,Calicata,Bw1,21,53,50,38.00,3.80,0,37,23,40,1.00,,20.000,VE_TA16000193_2
VE_TA16000193,499,Calicata,Bw2,53,75,40,40.00,4.00,10,41,20,39,1.20,,12.800,VE_TA16000193_3
VE_TA16000193,500,Calicata,C,75,150,,,,25,,,,,,,VE_TA16000193_4
VE_TA16000293,501,Calicata,A,0,20,130,43.00,4.30,10,66,18,16,1.50,,4.400,VE_TA16000293_1
VE_TA16000293,502,Calicata,Bt1,20,40,70,43.00,4.30,10,42,21,37,1.40,,4.800,VE_TA16000293_2
VE_TA16000293,503,Calicata,Bt2,40,75,20,45.00,4.50,10,50,17,33,1.40,,6.400,VE_TA16000293_3
VE_TA16000293,504,Calicata,BC,75,105,10,53.00,5.30,10,25,31,44,1.20,,8.000,VE_TA16000293_4
VE_TA16000293,505,Calicata,C,105,180,10,48.00,4.80,10,53,28,19,1.50,,5.200,VE_TA16000293_5
VE_TA22000282,506,Calicata,A1,0,25,520,45.00,4.50,3,29,46,25,1.50,,23.900,VE_TA22000282_1
VE_TA22000282,507,Calicata,A2,25,52,420,46.00,4.60,3,35,46,19,1.50,,26.500,VE_TA22000282_2
VE_TA22000282,508,Calicata,Bt,52,110,130,48.00,4.80,0,9,48,43,1.30,,16.200,VE_TA22000282_3
VE_TR02000187,509,Calicata,A,0,10,300,38.00,3.80,3,15,51,34,1.30,,21.600,VE_TR02000187_1
VE_TR02000187,510,Calicata,Bw1,10,50,120,44.00,4.40,25,14,46,39,1.30,,14.500,VE_TR02000187_2
VE_TR02000187,511,Calicata,Bw2,50,98,110,42.00,4.20,25,18,43,39,1.30,,16.400,VE_TR02000187_3
VE_TR02000187,512,Calicata,CR,98,115,,,,25,,,,,,,VE_TR02000187_4
VE_TR02000288,513,Calicata,A,0,30,100,43.00,4.30,10,75,13,12,1.60,,7.200,VE_TR02000288_1
VE_TR02000288,514,Calicata,Bw1,30,53,70,40.00,4.00,10,65,18,17,1.60,,9.300,VE_TR02000288_2
VE_TR02000288,515,Calicata,Bw2,53,80,60,43.00,4.30,10,65,16,19,1.60,,9.100,VE_TR02000288_3
VE_TR02000288,516,Calicata,CR,80,132,,,,10,,,,,,,VE_TR02000288_4
VE_TR02000388,517,Calicata,A,0,25,,,,10,,,,1.60,,,VE_TR02000388_1
VE_TR02000388,518,Calicata,C/R,25,75,,,,,,,,,,,VE_TR02000388_2
VE_TR02000488,519,Calicata,A,0,31,60,44.00,4.40,0,66,21,13,1.50,,5.200,VE_TR02000488_1
VE_TR02000488,520,Calicata,Bt1,31,49,50,44.00,4.40,0,52,21,27,1.30,,10.100,VE_TR02000488_2
VE_TR02000488,521,Calicata,Bt2,49,76,30,48.00,4.80,0,47,23,30,1.30,,7.900,VE_TR02000488_3
VE_TR02000488,522,Calicata,BC,76,112,10,49.00,4.90,0,36,35,29,1.20,,8.400,VE_TR02000488_4
VE_TR02000488,523,Calicata,C,112,135,,,,,,,,,,,VE_TR02000488_5
VE_TR02000588,524,Calicata,A,0,20,180,79.00,7.90,0,15,56,29,1.30,,24.500,VE_TR02000588_1
VE_TR02000588,525,Calicata,Bw1,20,44,70,80.00,8.00,0,27,46,27,1.40,,13.700,VE_TR02000588_2
VE_TR02000588,526,Calicata,Bw2,44,71,70,82.00,8.20,0,18,54,28,1.30,,18.800,VE_TR02000588_3
VE_TR02000588,527,Calicata,Bw3,71,94,20,80.00,8.00,0,28,42,30,1.40,,18.400,VE_TR02000588_4
VE_TR02000588,528,Calicata,C,94,130,10,78.00,7.80,0,28,37,35,1.40,,11.600,VE_TR02000588_5
VE_TR09000188,529,Calicata,Ah,0,19,130,40.00,4.00,3,75,13,12,1.50,,14.600,VE_TR09000188_1
VE_TR09000188,530,Calicata,Bt,19,40,280,43.00,4.30,3,63,18,19,1.50,,12.800,VE_TR09000188_2
VE_TR09000188,531,Calicata,C,40,75,,,,10,,,,,,,VE_TR09000188_3
VE_TR12000186,532,Calicata,Ah,0,12,160,43.00,4.30,25,46,33,21,1.40,,10.400,VE_TR12000186_1
VE_TR12000186,533,Calicata,Bw1,12,30,60,43.00,4.30,25,60,24,16,1.60,,5.300,VE_TR12000186_2
VE_TR12000186,534,Calicata,Bw2,30,58,20,39.00,3.90,25,52,27,21,1.30,,5.900,VE_TR12000186_3
VE_TR12000186,535,Calicata,Bw3,58,74,20,40.00,4.00,25,51,28,21,1.40,,5.400,VE_TR12000186_4
VE_TR12000186,536,Calicata,C,74,110,20,41.00,4.10,25,50,30,20,1.40,,6.300,VE_TR12000186_5
VE_TR14000185,537,Calicata,Ah,0,37,1400,43.00,4.30,3,9,49,42,1.10,,,VE_TR14000185_1
VE_TR14000185,538,Calicata,R,37,47,,,,,,,,,,,VE_TR14000185_2
VE_YA05017,539,Calicata,Ap,0,12,180,72.00,7.20,0,4,68,28,1.30,,,VE_YA05017_1
VE_YA05017,540,Calicata,Bg1,12,26,190,73.00,7.30,0,2,66,32,1.30,,,VE_YA05017_2
VE_YA05017,541,Calicata,Bg2,26,43,130,73.00,7.30,0,14,56,30,1.30,,,VE_YA05017_3
VE_YA05017,542,Calicata,Bg3,43,66,70,73.00,7.30,0,24,48,28,1.30,,,VE_YA05017_4
VE_YA05017,543,Calicata,Bg4,66,85,40,75.00,7.50,0,37,41,22,1.30,,,VE_YA05017_5
VE_YA051TY,544,Calicata,Ap,0,6,140,55.00,5.50,0,21,52,27,1.30,,,VE_YA051TY_1
VE_YA051TY,545,Calicata,AB,6,17,80,53.00,5.30,0,21,53,26,1.30,,,VE_YA051TY_2
VE_YA051TY,546,Calicata,Bw1,17,41,50,53.00,5.30,0,16,53,31,1.30,,,VE_YA051TY_3
VE_YA051TY,547,Calicata,Bw2,41,88,30,56.00,5.60,0,8,52,40,1.30,,10.500,VE_YA051TY_4
VE_YA051TY,548,Calicata,Bw3,88,123,20,57.00,5.70,0,23,45,32,1.30,,9.100,VE_YA051TY_5
VE_ZUA,549,Calicata,,0,101,,,,,,,,,,,VE_ZUA_1
VE_ZUA040,550,Calicata,Ah1,0,5,60,68.00,6.80,0,84,8,8,1.65,,2.500,VE_ZUA040_1
VE_ZUA040,551,Calicata,Ah2,5,50,20,64.00,6.40,0,78,12,10,1.50,,1.400,VE_ZUA040_2
VE_ZUA040,552,Calicata,Bt1,50,100,10,51.00,5.10,0,63,15,22,1.35,,3.200,VE_ZUA040_3
VE_ZUA040,553,Calicata,Bt2,100,180,10,54.00,5.40,0,58,11,31,1.35,,4.900,VE_ZUA040_4
VE_ZUA053,554,Calicata,Ah1,0,18,80,60.00,6.00,0,40,50,10,1.40,,11.200,VE_ZUA053_1
VE_ZUA053,555,Calicata,Ah2,18,64,20,51.00,5.10,0,30,43,27,1.35,,15.300,VE_ZUA053_2
VE_ZUA053,556,Calicata,Bt1,64,87,30,51.00,5.10,0,24,40,37,1.35,,22.200,VE_ZUA053_3
VE_ZUA053,557,Calicata,Bt2,87,128,20,48.00,4.80,0,26,39,35,1.35,,23.500,VE_ZUA053_4
VE_ZUA053,558,Calicata,Bt3,128,170,10,47.00,4.70,0,24,43,33,1.35,,23.500,VE_ZUA053_5
VE_ZUA055,559,Calicata,A,0,30,80,56.00,5.60,0,59,28,13,1.50,,5.000,VE_ZUA055_1
VE_ZUA055,560,Calicata,Bt1,30,50,50,45.00,4.50,0,50,29,21,1.40,,3.200,VE_ZUA055_2
VE_ZUA055,561,Calicata,Bt2,50,100,30,49.00,4.90,0,44,33,23,1.40,,4.400,VE_ZUA055_3
VE_ZUA055,562,Calicata,Bt3,100,150,30,50.00,5.00,0,38,27,35,1.35,,7.000,VE_ZUA055_4
VE_ZUA057,563,Calicata,A,0,20,50,56.00,5.60,0,58,34,8,1.50,,2.500,VE_ZUA057_1
VE_ZUA057,564,Calicata,Bt1,20,40,30,54.00,5.40,0,51,35,14,1.40,,3.300,VE_ZUA057_2
VE_ZUA057,565,Calicata,Bt2,40,55,20,51.00,5.10,0,36,29,35,1.35,,7.000,VE_ZUA057_3
VE_ZUA057,566,Calicata,Bt3,55,90,20,55.00,5.50,0,31,27,42,1.25,,9.500,VE_ZUA057_4
VE_ZUA057,567,Calicata,Bt4,90,135,10,58.00,5.80,0,34,29,37,1.35,,9.000,VE_ZUA057_5
VE_ZUC069,568,Calicata,Ah1,0,30,40,46.00,4.60,0,68,20,12,1.50,,2.100,VE_ZUC069_1
VE_ZUC069,569,Calicata,Ah2,30,50,20,48.00,4.80,0,66,21,13,1.50,,1.800,VE_ZUC069_2
VE_ZUC069,570,Calicata,Bt,50,110,10,50.00,5.00,0,55,26,19,1.50,,2.700,VE_ZUC069_3
VE_ZUC069,571,Calicata,C,110,180,,51.00,5.10,0,56,31,13,1.50,,1.700,VE_ZUC069_4
VE_ZUL051,572,Calicata,Ah1,0,10,210,62.00,6.20,0,9,43,48,1.25,,23.200,VE_ZUL051_1
VE_ZUL051,573,Calicata,Ah2,10,32,100,61.00,6.10,0,24,45,31,1.35,,13.200,VE_ZUL051_2
VE_ZUL051,574,Calicata,Bw1,32,145,50,58.00,5.80,0,7,63,30,1.35,,13.000,VE_ZUL051_3
VE_ZUL051,575,Calicata,Bw2,145,173,40,58.00,5.80,0,4,74,22,1.45,,12.700,VE_ZUL051_4
VE_ZUL266,576,Calicata,A,0,15,160,61.00,6.10,0,2,37,61,1.25,,41.600,VE_ZUL266_1
VE_ZUL266,577,Calicata,Bw1,15,45,40,64.00,6.40,0,4,50,46,1.25,,28.700,VE_ZUL266_2
VE_ZUL266,578,Calicata,Bw2,45,75,60,58.00,5.80,0,8,22,70,1.25,,39.100,VE_ZUL266_3
VE_ZUL266,579,Calicata,C,75,115,30,62.00,6.20,0,34,46,20,1.40,,17.300,VE_ZUL266_4
VE_ZUL284,580,Calicata,A,0,16,230,58.00,5.80,0,2,37,61,1.25,,27.700,VE_ZUL284_1
VE_ZUL284,581,Calicata,Bw1,16,32,330,62.00,6.20,0,7,28,65,1.25,,27.400,VE_ZUL284_2
VE_ZUL284,582,Calicata,Bw2,32,60,60,57.00,5.70,0,4,12,84,1.25,,39.900,VE_ZUL284_3
VE_ZUL284,583,Calicata,Bw3,60,92,60,44.00,4.40,0,4,5,91,1.25,,35.300,VE_ZUL284_4
VE_ZUL284,584,Calicata,Bw3,92,108,60,44.00,4.40,0,4,11,85,1.25,,34.700,VE_ZUL284_5
VE_ZUL298,585,Calicata,A,0,20,70,69.00,6.90,0,28,58,14,1.40,,14.000,VE_ZUL298_1
VE_ZUL298,586,Calicata,BA,20,35,60,81.00,8.10,0,17,64,19,1.40,,13.000,VE_ZUL298_2
VE_ZUL298,587,Calicata,Bw,35,70,60,82.00,8.20,0,3,66,31,1.40,,24.000,VE_ZUL298_3
VE_ZUL298,588,Calicata,Ab,70,105,10,84.00,8.40,0,74,19,7,1.50,,5.300,VE_ZUL298_4
VE_ZUL298,589,Calicata,Bw,105,120,30,83.00,8.30,0,28,60,12,1.40,,16.800,VE_ZUL298_5
VE_ZUL299,590,Calicata,A,0,15,80,59.00,5.90,0,25,20,55,1.25,,40.400,VE_ZUL299_1
VE_ZUL299,591,Calicata,Bu1,15,90,20,62.00,6.20,1,23,18,59,1.25,,41.600,VE_ZUL299_2
VE_ZUL299,592,Calicata,Bu2,90,170,10,63.00,6.30,1,17,19,63,1.25,,41.600,VE_ZUL299_3
VE_ZUL300,593,Calicata,Bt1,0,28,20,53.00,5.30,0,50,9,41,1.35,,22.600,VE_ZUL300_1
VE_ZUL300,594,Calicata,Bt2,28,60,10,86.00,8.60,0,55,15,30,1.35,,16.000,VE_ZUL300_2
VE_ZUL300,595,Calicata,C,60,100,10,84.00,8.40,0,39,11,50,1.25,,21.800,VE_ZUL300_3
VE_ZUL303,596,Calicata,A,0,30,80,73.00,7.30,0,6,24,70,1.25,,19.300,VE_ZUL303_1
VE_ZUL303,597,Calicata,AC,30,50,60,72.00,7.20,0,5,21,74,1.25,,17.200,VE_ZUL303_2
VE_ZUL303,598,Calicata,C1,50,70,50,70.00,7.00,0,6,20,74,1.25,,15.800,VE_ZUL303_3
VE_ZUL303,599,Calicata,C2,70,110,40,69.00,6.90,0,5,21,74,1.25,,15.400,VE_ZUL303_4
VE_ZUL306,600,Calicata,A,0,33,60,67.00,6.70,0,27,34,39,1.35,,27.100,VE_ZUL306_1
VE_ZUL306,601,Calicata,Bw1,33,60,20,74.00,7.40,0,28,33,39,1.35,,24.900,VE_ZUL306_2
VE_ZUL306,602,Calicata,Bw2,60,90,20,77.00,7.70,0,36,31,33,1.35,,21.100,VE_ZUL306_3
VE_ZUL306,603,Calicata,Bw3,90,120,10,78.00,7.80,0,38,35,27,1.40,,20.200,VE_ZUL306_4
VE_ZUL306,604,Calicata,C,120,150,10,79.00,7.90,0,15,55,30,1.35,,22.400,VE_ZUL306_5
VE_ZUM153,605,Calicata,A,0,15,170,63.00,6.30,10,20,38,42,1.25,,21.300,VE_ZUM153_1
VE_ZUM153,606,Calicata,Bw1,15,50,70,52.00,5.20,25,18,36,46,1.25,,22.500,VE_ZUM153_2
VE_ZUM153,607,Calicata,Bw2,50,80,70,50.00,5.00,25,16,33,51,1.25,,21.300,VE_ZUM153_3
VE_ZUM153,608,Calicata,C,80,170,30,50.00,5.00,25,23,38,39,1.35,,33.500,VE_ZUM153_4
VE_ZUM161,609,Calicata,A,0,15,320,82.00,8.20,60,30,33,37,1.35,,24.300,VE_ZUM161_1
VE_ZUM161,610,Calicata,Bt1,15,35,90,77.00,7.70,25,21,30,49,1.25,,23.200,VE_ZUM161_2
VE_ZUM161,611,Calicata,Bt2,35,65,70,75.00,7.50,25,21,27,52,1.25,,26.200,VE_ZUM161_3
VE_ZUM161,612,Calicata,Bt3,65,100,60,76.00,7.60,25,24,29,47,1.25,,26.500,VE_ZUM161_4
VE_ZUV063,613,Calicata,Ah1,0,10,150,59.00,5.90,0,24,43,33,1.35,,13.300,VE_ZUV063_1
VE_ZUV063,614,Calicata,Ah2,10,30,90,44.00,4.40,0,10,44,46,1.25,,20.000,VE_ZUV063_2
VE_ZUV063,615,Calicata,Bw1,30,60,50,44.00,4.40,0,8,49,43,1.25,,18.900,VE_ZUV063_3
VE_ZUV063,616,Calicata,Bw2,60,100,20,54.00,5.40,0,6,51,43,1.25,,17.800,VE_ZUV063_4
